,dqnb_mean_scores,dqnb_mean_task,dqnb_mean_engery,dqnb_mean_latency,dqnp_mean_latency,dqnp_mean_scores,dqnp_mean_task,dqnp_mean_energy,dqnb_mean_task_P1,dqnb_mean_task_P2,dqnb_mean_task_P3,dqnp_mean_task_P1,dqnp_mean_task_P2,dqnp_mean_task_P3,dqnp_mean_energy_P1,dqnp_mean_energy_P2,dqnp_mean_energy_P3,dqnb_mean_energy_P1,dqnb_mean_energy_P2,dqnb_mean_energy_P3,dqnp_mean_latency_P1,dqnp_mean_latency_P2,dqnp_mean_latency_P3,dqnb_mean_latency_P1,dqnb_mean_latency_P2,dqnb_mean_latency_P3,dqnb_num_taskdone_P1,dqnb_num_taskdone_P2,dqnb_num_taskdone_P3,dqnp_num_taskdone_P1,dqnp_num_taskdone_P2,dqnp_num_taskdone_P3
0,-657.0800000000008,0.594,45.60179205625228,30.968413019852132,32.82914397422503,-6312.080000000004,0.582,75.82238332819954,0.600997506234414,0.6144578313253012,0.5580524344569289,0.6012084592145015,0.5828571428571429,0.5611285266457681,80.43998561001284,83.26223743079169,62.8682288103705,56.9818615835104,32.42464688987697,44.89544117537626,37.17778310695967,31.840618360505616,29.121211224418133,35.78494235870402,29.04616888343178,25.809716598150448,241,204,149,199,204,179
